{"data": [0.2841004459849506, 0.188225686913244, 0.41408062885116015, 0.40592185290365485, 0.4151056645796596, 0.256826236915377, 0.28861740760878263, 0.18189401330484792, 0.3487273019732489, 0.2671219002551963, 0.48394027443155857, 0.6152156473591006, 0.44780207909230796, 0.43218608953578896, 0.4093198852173114, 0.9123909422860834, 0.34486662657579326, 0.3011907969454931, 0.2766045260121411, 0.4826978500663754, 0.29979177950790836, 0.32984765415288103, 0.31356547247653715, 0.2425465643738637, 0.25138003003993664, 0.24864671425119075, 0.4103151102388596, 0.653017789144308, 0.6365605056636429], "indices": [4933, 2484, 3096, 3315, 730, 4958, 3996, 1788, 372, 3468, 1534, 1309, 63, 3740, 2484, 3808, 3331, 298, 2926, 968, 1155, 3690, 937, 1774, 4877, 4413, 4947, 800, 4680], "indptr": [0, 10, 14, 16, 26, 29], "shape": [5, 5000]}